{
    // Use IntelliSense to learn about possible attributes.
    // Hover to view descriptions of existing attributes.
    // For more information, visit: https://go.microsoft.com/fwlink/?linkid=830387
    "version": "0.2.0",
    "configurations": [
        {
            "name": "Launch Chrome",
            "request": "launch",
            "type": "chrome",
            "url": "http://localhost:8080",
            "webRoot": "${workspaceFolder}"
        },
        {
            "name": "Launch Chrome",
            "request": "launch",
            "type": "chrome",
            "url": "http://localhost:8080",
            "webRoot": "${workspaceFolder}"
        },
        {
            "name": "Attach to Chrome",
            "port": 11434,
            "request": "attach",
            "type": "chrome",
            "webRoot": "${workspaceFolder}"
        },
        {
            "name": "Attach to Chrome",
            "port": 11434,
            "request": "attach",
            "type": "chrome",
            "webRoot": "${workspaceFolder}"
        },
        {
            "name": "Attach to Chrome",
            "port": 11434,
            "request": "attach",
            "type": "chrome",
            "webRoot": "${workspaceFolder}"
        },



        {
            "type": "chrome",
            "request": "launch",
            "name": "Open bbbbb.html",
            "file": "c:\\Users\\Bobby Narra\\New folder\\bbbbb.html"
        }
    ]
}